{
    "baseline": {
        "recall": 0.1,
        "precision": 1.0,
        "f1": 0.18181818181818182,
        "roc_auc": 0.999991959798995,
        "confusion_matrix": [
            [
                9950,
                0
            ],
            [
                45,
                5
            ]
        ],
        "roc_curve": {
            "fpr": [
                0.0,
                0.0,
                0.0,
                0.0,
                0.0,
                0.0,
                0.0,
                0.0,
                0.0,
                0.0,
                0.0,
                0.0,
                0.0,
                0.0,
                0.0,
                0.0,
                0.0,
                0.0,
                0.0,
                0.0,
                0.00010050251256281407,
                0.00030150753768844223,
                0.0005025125628140704,
                0.0008040201005025126,
                0.0020100502512562816,
                0.00492462311557789,
                0.00984924623115578,
                0.02512562814070352,
                0.09969849246231156,
                1.0
            ],
            "tpr": [
                0.0,
                0.02,
                0.06,
                0.12,
                0.16,
                0.18,
                0.22,
                0.28,
                0.4,
                0.42,
                0.46,
                0.52,
                0.6,
                0.62,
                0.7,
                0.74,
                0.78,
                0.82,
                0.94,
                0.98,
                0.98,
                0.98,
                1.0,
                1.0,
                1.0,
                1.0,
                1.0,
                1.0,
                1.0,
                1.0
            ],
            "thresholds": [
                Infinity,
                0.59,
                0.56,
                0.44,
                0.43,
                0.42,
                0.41,
                0.37,
                0.34,
                0.33,
                0.29,
                0.28,
                0.26,
                0.25,
                0.23,
                0.19,
                0.18,
                0.16,
                0.13,
                0.11,
                0.09,
                0.08,
                0.07,
                0.06,
                0.05,
                0.04,
                0.03,
                0.02,
                0.01,
                0.0
            ]
        },
        "pr_curve": {
            "precision": [
                0.005,
                0.04798464491362764,
                0.16666666666666666,
                0.33783783783783783,
                0.5050505050505051,
                0.7142857142857143,
                0.8620689655172413,
                0.9090909090909091,
                0.9423076923076923,
                0.98,
                1.0,
                1.0,
                1.0,
                1.0,
                1.0,
                1.0,
                1.0,
                1.0,
                1.0,
                1.0,
                1.0,
                1.0,
                1.0,
                1.0,
                1.0,
                1.0,
                1.0,
                1.0,
                1.0,
                1.0,
                1.0,
                1.0,
                1.0,
                1.0,
                1.0,
                1.0,
                1.0,
                1.0,
                1.0,
                1.0,
                1.0,
                1.0
            ],
            "recall": [
                1.0,
                1.0,
                1.0,
                1.0,
                1.0,
                1.0,
                1.0,
                1.0,
                0.98,
                0.98,
                0.98,
                0.96,
                0.94,
                0.9,
                0.86,
                0.82,
                0.8,
                0.78,
                0.74,
                0.72,
                0.7,
                0.66,
                0.62,
                0.6,
                0.56,
                0.52,
                0.46,
                0.42,
                0.4,
                0.34,
                0.28,
                0.26,
                0.24,
                0.22,
                0.18,
                0.16,
                0.12,
                0.1,
                0.08,
                0.06,
                0.02,
                0.0
            ],
            "thresholds": [
                0.0,
                0.01,
                0.02,
                0.03,
                0.04,
                0.05,
                0.06,
                0.07,
                0.08,
                0.09,
                0.11,
                0.12,
                0.13,
                0.14,
                0.15,
                0.16,
                0.17,
                0.18,
                0.19,
                0.2,
                0.23,
                0.24,
                0.25,
                0.26,
                0.27,
                0.28,
                0.29,
                0.33,
                0.34,
                0.35,
                0.37,
                0.38,
                0.39,
                0.41,
                0.42,
                0.43,
                0.44,
                0.52,
                0.55,
                0.56,
                0.59
            ]
        },
        "feature_importance": {
            "features": [
                "V1",
                "V2",
                "V3",
                "V4",
                "V5",
                "V6",
                "V7",
                "V8",
                "V9",
                "V10",
                "V11",
                "V12",
                "V13",
                "V14",
                "V15",
                "V16",
                "V17",
                "V18",
                "V19",
                "V20",
                "V21",
                "V22",
                "V23",
                "V24",
                "V25",
                "V26",
                "V27",
                "V28",
                "scaled_amount",
                "scaled_time"
            ],
            "importances": [
                0.037525949521983314,
                0.02772859629185091,
                0.038300250620566,
                0.03526335407841138,
                0.026868040154149456,
                0.0285726569580585,
                0.04072337514923948,
                0.009091627990168459,
                0.08436214861728919,
                0.028441039293215935,
                0.041293440303409056,
                0.024847468496437958,
                0.017793532161491314,
                0.07672904762971429,
                0.02803787147459078,
                0.032619092100097315,
                0.01951485023912018,
                0.0493500760046335,
                0.02475604196982445,
                0.03164813144376191,
                0.053857091468087065,
                0.02630442905943626,
                0.031295964170427876,
                0.024985274800574275,
                0.04019993009941155,
                0.03126696300094655,
                0.016084629354662323,
                0.06883171000095427,
                0.0020891122685367494,
                0.0016183052789495104
            ]
        }
    },
    "augmented": {
        "recall": 0.72,
        "precision": 1.0,
        "f1": 0.8372093023255814,
        "roc_auc": 1.0,
        "confusion_matrix": [
            [
                9950,
                0
            ],
            [
                14,
                36
            ]
        ],